[{
   "model": "registry.activity",
   "pk": "7a875ff9-79ee-460e-816f-30360e0ac645",
   "fields": {
      "name": "photographing"

   }
},
{
   "model": "registry.activity",
   "pk": "26b6a66d-5e77-4a43-94e9-630e141a1087",
   "fields": {
      "name": "videotaping"
   }
},
{
   "model": "registry.authorization",
   "pk": "e7bfa98c-8e4f-40bd-b42f-62fd3651d7da",
   "fields": {
      "title": "SORA",
      "airspace_type": 1,
      "permit_to_fly_above_crowd": 1,
      "risk_type": 1,
      "authorization_type": 1,
      "operation_max_height": 100,
      "operation_area_type": 1,
      "created_at": "2018-09-04T13:20:30+01:00",
      "updated_at": "2018-09-04T13:20:30+01:00"
   }
},
{
   "model": "registry.authorization",
   "pk": "6be25abc-a43d-44d2-9c16-b8dee47bb64d",
   "fields": {
      "title": "SORA V2",
      "airspace_type": 2,
      "permit_to_fly_above_crowd": 0,
      "risk_type": 6,
      "authorization_type": 1,
      "operation_max_height": 200,
      "operation_area_type": 1,
      "created_at": "2018-09-04T13:20:30+01:00",
      "updated_at": "2018-09-04T13:20:30+01:00"
   }
},
{
   "model": "registry.address",
   "pk": "8ddda026-2995-44ef-9eab-55e396eaef0d",
   "fields": {
      "address_line_1": "Claureen Lahinch rd Ennis",
      "address_line_2": "",
      "address_line_3": "",
      "postcode": "D02VE22",
      "city": "Westport",
      "country": "IE",
      "created_at": "2018-09-04T13:20:30+01:00",
      "updated_at": "2018-09-04T13:20:30+01:00"

   }
},
{
   "model": "registry.address",

   "pk": "72d03da4-a7fb-40f8-a383-f34c1db1c0b0",
   "fields": {
      "address_line_1": "Buelowstrasse 98",
      "address_line_2": "",
      "address_line_3": "",
      "postcode": "56753",
      "city": "Welling",
      "country": "CH",
      "created_at": "2018-09-04T13:20:30+01:00",
      "updated_at": "2018-09-04T13:20:30+01:00"
   }
},
{
   "model": "registry.address",
   "pk": "a7646ce2-f7df-48a9-9ff8-98dfd04794be",
   "fields": {
      "address_line_1": "Malroc House, South Mall",
      "address_line_2": "",
      "address_line_3": "",
      "postcode": "D02PT89",
      "city": "Singapore",
      "country": "SG",
      "created_at": "2018-09-04T13:20:30+01:00",
      "updated_at": "2018-09-04T13:20:30+01:00"
   }
},
{
   "model": "registry.address",
   "pk": "28b2f84c-6798-49b9-9114-97d1d14f49f2",
   "fields": {
      "address_line_1": "8 Biscay Rd, Sorrento",
      "address_line_2": "",
      "address_line_3": "",
      "postcode": "NR24 7DZ",
      "city": "SHARRINGTON",
      "country": "GB",
      "created_at": "2018-09-04T13:20:30+01:00",
      "updated_at": "2018-09-04T13:20:30+01:00"
   }
},
{
   "model": "registry.address",
   "pk": "1888d6a4-166c-47b3-b519-d78a5ca7b25d",
   "fields": {
      "address_line_1": "107  West Lane, DALMICHY",
      "address_line_2": "",
      "address_line_3": "",
      "postcode": "D02 DH42",
      "city": "DALMICHY",
      "country": "CH",      
      "created_at": "2018-09-04T13:20:30+01:00",
      "updated_at": "2018-09-04T13:20:30+01:00"
   }
},
{
   "model": "registry.address",
   "pk": "42bcaa01-334a-4fcb-ac5b-a90ba310e03d",
   "fields": {
      "address_line_1": "19, Ndjamena Street",
      "address_line_2": "Wuse II",
      "address_line_3": "",
      "postcode": "N/A",
      "city": "Lagos",
      "country": "NG",      
      "created_at": "2019-12-04T13:20:30+01:00",
      "updated_at": "2019-12-04T13:20:30+01:00"
   }
},
{
   "model": "registry.address",
   "pk": "6515bc0b-fe83-4084-80d8-840ec4e95e90",
   "fields": {
      "address_line_1": "4, Irewole Shopping Complex,",
      "address_line_2": "Opebi Allen",
      "address_line_3": "",
      "postcode": "N/A",
      "city": "Ikeja",
      "country": "NG",      
      "created_at": "2019-12-04T13:20:30+01:00",
      "updated_at": "2019-12-04T13:20:30+01:00"
   }
},
{
   "model": "registry.address",
   "pk": "e2c38627-bdfb-44cd-bd6e-715a121778fb",
   "fields": {
      "address_line_1": "9B, MacDonald Road,",
      "address_line_2": "Ikoyi",
      "address_line_3": "",
      "postcode": "N/A",
      "city": "Ikorodu",
      "country": "NG",      
      "created_at": "2019-12-04T13:20:30+01:00",
      "updated_at": "2019-12-04T13:20:30+01:00"
   }
},
{
   "model": "registry.address",
   "pk": "411ce87d-2e2d-48c0-86b2-c48d5bac4b6d",
   "fields": {
      "address_line_1": "38, Adedosu Street",
      "address_line_2": "",
      "address_line_3": "",
      "postcode": "N/A",
      "city": "Keke",
      "state":"Agege",
      "country": "NG",      
      "created_at": "2019-12-04T13:20:30+01:00",
      "updated_at": "2019-12-04T13:20:30+01:00"
   }
},
{
   "model": "registry.address",
   "pk": "459a6e00-a45b-44aa-b698-1a902eb8adbd",
   "fields": {
      "address_line_1": "Eleganza Biro Plaza, Plot 634",
      "address_line_2": "Adeyemo Alakija",
      "address_line_3": "",
      "postcode": "N/A",
      "city": "Eti Osa",
      "state":"Victoria Island",
      "country": "NG",      
      "created_at": "2019-12-04T13:20:30+01:00",
      "updated_at": "2019-12-04T13:20:30+01:00"
   }
},

{
   "model": "registry.operator",
   "pk": "7a2712a3-3ece-4300-b2f1-a30809a9202b",
   "fields": {
      "company_name": "Orbital Solutions Global Services Limited",
      "website": "oribtal.com.ng",
      "phone_number":"+2348085509426",
      "email": "contact@oribtal.com.ng",
      "operator_type": "0",
      "address": "459a6e00-a45b-44aa-b698-1a902eb8adbd",
      "vat_number": "",
      "company_number": "RC45875TRE",
      "operational_authorizations": [
         "e7bfa98c-8e4f-40bd-b42f-62fd3651d7da"
      ],
      "authorized_activities": [
         "26b6a66d-5e77-4a43-94e9-630e141a1087",
         "7a875ff9-79ee-460e-816f-30360e0ac645"
      ],
      "created_at": "2019-12-10T13:20:30+01:00",
      "updated_at": "2019-12-10T13:20:30+01:00"
   }
},
{
   "model": "registry.operator",
   "pk": "dad21be7-8910-4fc0-af7b-91e56b7a7791",
   "fields": {
      "company_name": "YUAVI Technologies Limited",
      "website": "yuavi.com.ng",
      "phone_number":"+2348033900975",
      "email": "support@yuavi.com.ng",
      "operator_type": "0",
      "address": "411ce87d-2e2d-48c0-86b2-c48d5bac4b6d",
      "vat_number": "",
      "company_number": "RC10254YEA",
      "operational_authorizations": [
         "e7bfa98c-8e4f-40bd-b42f-62fd3651d7da"
      ],
      "authorized_activities": [
         "7a875ff9-79ee-460e-816f-30360e0ac645"
      ],
      "created_at": "2019-12-10T13:20:30+01:00",
      "updated_at": "2019-12-10T13:20:30+01:00"
   }
},
{
   "model": "registry.operator",
   "pk": "41174c3f-e86c-4e5a-a629-32d4d9da6011",
   "fields": {
      "company_name": "A.J. August Photography",
      "website": "august.com",
      "phone_number":"+497221816880",
      "email": "aj@august.com",
      "operator_type": "0",
      "address": "8ddda026-2995-44ef-9eab-55e396eaef0d",
      "vat_number": "IE5895475T",
      "company_number": "489434",
      "operational_authorizations": [
         "e7bfa98c-8e4f-40bd-b42f-62fd3651d7da"
      ],
      "authorized_activities": [
         "26b6a66d-5e77-4a43-94e9-630e141a1087",
         "7a875ff9-79ee-460e-816f-30360e0ac645"
      ],
      "created_at": "2018-09-04T13:20:30+01:00",
      "updated_at": "2018-09-04T13:20:30+01:00"
   }
},
{  
   "model": "registry.operator",
   "pk": "566d63bb-cb1c-42dc-9a51-baef0d0a8d04",
   "fields": {
      "company_name": "Electric Inspection",
      "website": "electricinspection.com",
      "email": "contact@electricinspection.com",
      "phone_number":"+4930292487",
      "operator_type": "0",
      "address": "72d03da4-a7fb-40f8-a383-f34c1db1c0b0",
      "company_number": "895884",
      "insurance_number": "985049991",
      "operational_authorizations": [
         "6be25abc-a43d-44d2-9c16-b8dee47bb64d"
      ],
      "authorized_activities": [
         "7a875ff9-79ee-460e-816f-30360e0ac645"
      ],
      "created_at": "2018-09-04T13:20:30+01:00",
      "updated_at": "2018-09-04T13:20:30+01:00"
   }
},
{
   "model": "registry.person",
   "pk": "e61a74c8-7aa4-4dd3-82ba-11b174a44870",
   "fields": {
      "first_name": "Catherine",
      "last_name": "OConor",
      "email": "catherine@gmail.com",
      "phone_number": "+353416852181",
      "date_of_birth": "1979-09-12",
      "social_security_number": "79464412258",
      "created_at": "2018-09-04T13:20:30+01:00",
      "updated_at": "2018-09-04T13:20:30+01:00"
   }

},
{
   "model": "registry.person",
   "pk": "a2f3b8b2-183d-44df-9254-83aca26d01c0",
   "fields": {
      "first_name": "Molly",
      "middle_name": "S",
      "last_name": "Storey",
      "email": "molly@hotmail.com",
      "phone_number": "+447037380857",
      "created_at": "2018-09-04T13:20:30+01:00",
      "updated_at": "2018-09-04T13:20:30+01:00"
   }

},
{
   "model": "registry.person",
   "pk": "32153c3b-663b-41e4-afc2-47127a713704",
   "fields": {
      "email": "MickeyRMatheny@teleworm.us",
      "first_name": "Mickey",
      "middle_name": "Richard",
      "last_name": "Matheny",
      "phone_number": "+3041112232",
      "created_at": "2018-09-04T13:20:30+01:00",
      "updated_at": "2018-09-04T13:20:30+01:00"
   }
},
{
   "model": "registry.person",
   "pk": "5434e29a-d7e6-4462-ab30-73c7a074915c",
   "fields": {
      "first_name": "Modesta",
      "middle_name": "Jeanie",
      "last_name": "Strauss",
      "email": "dludgrove7@posterous.com",
      "phone_number": "+499122992107",
      "created_at": "2018-09-04T13:20:30+01:00",
      "updated_at": "2018-09-04T13:20:30+01:00"
   }
},
{
   "model": "registry.person",
   "pk": "34ec29b1-5c98-4cc0-9859-977d221e5b4d",
   "fields": {
      "first_name": "Nancy",
      "middle_name": "",
      "last_name": "Damhindi",
      "email": "nancy_d@gmail.com",
      "phone_number": "+2349122992107",
      "created_at": "2018-09-04T13:20:30+01:00",
      "updated_at": "2018-09-04T13:20:30+01:00"
   }
},

{
   "model": "registry.person",
   "pk": "9c4c4abc-6c76-44bc-adeb-7ecf8ddb9126",
   "fields": {
      "first_name": "Oladapo",
      "middle_name": "",
      "last_name": "Alebiosu",
      "email": "oladapoa@hotmail.com",
      "phone_number": "+2349122992107",
      "created_at": "2018-09-04T13:20:30+01:00",
      "updated_at": "2018-09-04T13:20:30+01:00"
   }
},

{
   "model": "registry.person",
   "pk": "ef70efd5-9017-47e8-9a32-022a26ce01e5",
   "fields": {
      "first_name": "Chukwuemeka",
      "middle_name": "",
      "last_name": "Iziengbe",
      "email": "Augustine_Kariara@email.com.ng",
      "phone_number": "+234122992107",
      "created_at": "2018-09-04T13:20:30+01:00",
      "updated_at": "2018-09-04T13:20:30+01:00"
   }
},

{
   "model": "registry.person",
   "pk": "d2a3d76e-96ac-4a3f-8950-f8f8c1c7518f",
   "fields": {
      "first_name": "Kennedy",
      "middle_name": "",
      "last_name": "Kazeem",
      "email": "kkazeem.1@gmail.com",
      "phone_number": "+23417349635",
      "created_at": "2018-09-04T13:20:30+01:00",
      "updated_at": "2018-09-04T13:20:30+01:00"
   }
},

{
   "model": "registry.contact",
   "pk": "79121ba4-651b-4a55-9c7b-138f0ede7134",
   "fields": {
      "operator": "dad21be7-8910-4fc0-af7b-91e56b7a7791",
      "person": "34ec29b1-5c98-4cc0-9859-977d221e5b4d",
      "address": "42bcaa01-334a-4fcb-ac5b-a90ba310e03d",
      "role_type": "0",
      "created_at": "2018-09-04T13:20:30+01:00",
      "updated_at": "2018-09-04T13:20:30+01:00"
   }
},
{
   "model": "registry.contact",
   "pk": "bc6eac7d-5201-468f-a1e1-0e8ecc5cccf1",
   "fields": {
      "operator": "dad21be7-8910-4fc0-af7b-91e56b7a7791",
      "person": "ef70efd5-9017-47e8-9a32-022a26ce01e5",
      "address": "459a6e00-a45b-44aa-b698-1a902eb8adbd",
      "role_type": "0",
      "created_at": "2018-09-04T13:20:30+01:00",
      "updated_at": "2018-09-04T13:20:30+01:00"
   }
},

{
   "model": "registry.contact",
   "pk": "a7646ce2-f7df-48a9-9ff8-98dfd04794be",
   "fields": {
      "operator": "41174c3f-e86c-4e5a-a629-32d4d9da6011",
      "person": "e61a74c8-7aa4-4dd3-82ba-11b174a44870",
      "address": "a7646ce2-f7df-48a9-9ff8-98dfd04794be",
      "role_type": "0",
      "created_at": "2018-09-04T13:20:30+01:00",
      "updated_at": "2018-09-04T13:20:30+01:00"

   }
},
{
   "model": "registry.contact",
   "pk": "c3ae2bb0-19f6-4738-a53b-cdb0acbaf5b1",
   "fields": {
      "operator": "566d63bb-cb1c-42dc-9a51-baef0d0a8d04",
      "person": "a2f3b8b2-183d-44df-9254-83aca26d01c0",
      "role_type": "1",
      "address": "1888d6a4-166c-47b3-b519-d78a5ca7b25d",
      "created_at": "2018-09-04T13:20:30+01:00",
      "updated_at": "2018-09-04T13:20:30+01:00"
   }
},
{
   "model": "registry.typecertificate",
   "pk": "75f358c6-e8d3-46aa-a3de-172bdcea469d",
   "fields": {
      "type_certificate_id": "1dc42b2a-7e3f-4e87-b23d-353ec8a06705",
      "type_certificate_issuing_country": "IRE",
      "type_certificate_holder": "Agro Products Inc.",
      "type_certificate_holder_country": "IRE"
   }
},
{
   "model": "registry.manufacturer",
   "pk": "6f9cd973-15b9-4066-b4d0-1e8bbd0f279d",
   "fields": {
      "full_name": "DJI Holdings Inc",
      "common_name": "DJI",
      "acronym": "DJI",
      "role": "Manufacturer",
      "country": "IRE"
   }
},
{
   "model": "registry.manufacturer",
   "pk": "f731ed65-c93d-42e7-94a3-b64213dd180a",
   "fields": {
      "full_name": "Parrot",
      "common_name": "Parrot",
      "acronym": "Parrot",
      "role": "Manufacturer",
      "country": "FRA"
   }
},
{
   "model": "registry.manufacturer",
   "pk": "4effcea2-e9d4-4696-891f-52d350d68a9f",
   "fields": {
      "full_name": "Sensefly Drones Inc",
      "common_name": "Sensefly",
      "acronym": "SF",
      "role": "Manufacturer",
      "country": "IRE"
   }
},
{
   "model": "registry.aircraft",
   "pk": "0797d9ef-02d9-41cf-93ff-439aaf1609ae",
   "fields": {
      "operator": "41174c3f-e86c-4e5a-a629-32d4d9da6011",
      "type_certificate": "75f358c6-e8d3-46aa-a3de-172bdcea469d",
      "mass": "300",
      "manufacturer": "6f9cd973-15b9-4066-b4d0-1e8bbd0f279d",
      "make": "Series 2",
      "popular_name": "Parrot 2",
      "model": "Parrot",
      "category": 1,
      "sub_category": 7,
      "photo_small":"https://i.imgur.com/DXHpWtK.jpg",
      "photo":"https://i.imgur.com/qbHNXdQ.jpg",
      "is_airworthy": 1,
      "icao_aircraft_type_designator": "HS20",
      "esn": "4D4652310000000000000000313233343436373839414243",
      "maci_number": "86ac-42dc-8d19",
      "created_at": "2018-09-04T13:20:30+01:00",
      "updated_at": "2018-09-04T13:20:30+01:00"
   }
},
{
   "model": "registry.aircraft",
   "pk": "0450852f-856e-4ecb-beb6-01ccded8529d",
   "fields": {
      "operator": "566d63bb-cb1c-42dc-9a51-baef0d0a8d04",
      "type_certificate": "75f358c6-e8d3-46aa-a3de-172bdcea469d",
      "mass": "700",
      "make": "Series 1",
      "manufacturer": "4effcea2-e9d4-4696-891f-52d350d68a9f",
      "model": "eBee",
      "category": 1,
      "sub_category": 7,
      "photo_small":"https://i.imgur.com/gwV04ms.png",
      "photo":"https://i.imgur.com/d8QP0Ay.png",
      "is_airworthy": 1,
      "icao_aircraft_type_designator": "STRM",
      "esn": "5G6532640000000000000000823050083171098833641055",
      "maci_number": "eb30-4fb4-b12d",
      "created_at": "2018-09-04T13:20:30+01:00",
      "updated_at": "2018-09-04T13:20:30+01:00"
   }
},
{
   "model": "registry.aircraft",
   "pk": "f5333b4b-5d40-4110-b179-d5f697fbb78f",
   "fields": {
      "operator": "566d63bb-cb1c-42dc-9a51-baef0d0a8d04",
      "type_certificate": "75f358c6-e8d3-46aa-a3de-172bdcea469d",
      "mass": "700",
      "make": "Bluegrass Fields",
      "manufacturer": "f731ed65-c93d-42e7-94a3-b64213dd180a",
      "model": "Parrot",
      "category": 1,
      "sub_category": 7,
      "photo_small":"https://i.imgur.com/aXZyTdI.jpg",
      "photo":"https://i.imgur.com/VYC6F65.jpg",
      "is_airworthy": 1,
      "icao_aircraft_type_designator": "STRM",
      "esn": "5G6532640000000000000000920392800831710988336410",
      "maci_number": "fau5-7e7f-157f",
      "created_at": "2019-09-04T13:20:30+01:00",
      "updated_at": "2019-09-04T13:20:30+01:00"
   }
},
{
   "model": "registry.aircraft",
   "pk": "1f36acd4-9b07-499f-9162-7646a4849dd4",
   "fields": {
      "operator": "566d63bb-cb1c-42dc-9a51-baef0d0a8d04",
      "type_certificate": "75f358c6-e8d3-46aa-a3de-172bdcea469d",
      "mass": "700",
      "make": "Phantom 3 Standard",
      "manufacturer": "6f9cd973-15b9-4066-b4d0-1e8bbd0f279d",
      "model": "DJI",
      "category": 1,
      "sub_category": 7,
      "photo_small":"https://i.imgur.com/TyT7EJj.jpg",
      "photo":"https://i.imgur.com/bxTs49S.jpg",
      "is_airworthy": 1,
      "icao_aircraft_type_designator": "STRM",
      "esn": "5G6532640000000000000000823050083171098833641055",
      "maci_number": "eb30-4fb4-b12d",
      "created_at": "2018-09-04T13:20:30+01:00",
      "updated_at": "2018-09-04T13:20:30+01:00"
   }
},
{
   "model": "registry.test",
   "pk": "da7dae8f-3fea-46b6-9076-fe3735817de9",
   "fields": {
      "test_type": 1,
      "name": "RPAS Safety Basics",
      "created_at": "2018-09-04T13:20:30+01:00",
      "updated_at": "2018-09-04T13:20:30+01:00"
   }
},
{
   "model": "registry.test",
   "pk": "ad7a73e4-9d11-4d6f-9e4c-36013fc4ac70",
   "fields": {
      "test_type": 1,
      "name": "Advanced RPAS flying in Urban Environments",
      "created_at": "2018-09-04T13:20:30+01:00",
      "updated_at": "2018-09-04T13:20:30+01:00"
   }
},
{
   "model": "registry.pilot",
   "pk": "d4b8aa2c-0a52-4adc-806a-f363deb6a1e0",
   "fields": {
      "operator": "566d63bb-cb1c-42dc-9a51-baef0d0a8d04",
      "is_active": 1,
      "person": "32153c3b-663b-41e4-afc2-47127a713704",
      "photo_small":"https://i.imgur.com/p9wrHKC.png",
      "photo":"https://i.imgur.com/3j5jWDt.png",
      "address": "28b2f84c-6798-49b9-9114-97d1d14f49f2",
      "identification_photo":"https://i.imgur.com/YYc4obB.png",
      "identification_photo_small":"https://i.imgur.com/Lr4JP7H.png", 
      "created_at": "2018-09-04T13:20:30+01:00",
      "updated_at": "2018-09-04T13:20:30+01:00"
   }
},
{
   "model": "registry.pilot",
   "pk": "2f15a395-65a3-4a73-a492-57c7c470d527",
   "fields": {
      "operator": "41174c3f-e86c-4e5a-a629-32d4d9da6011",
      "person": "5434e29a-d7e6-4462-ab30-73c7a074915c",
      "photo_small":"https://i.imgur.com/p9wrHKC.png",
      "photo":"https://i.imgur.com/3j5jWDt.png",
      "identification_photo":"https://i.imgur.com/iyabToB.jpg",
      "identification_photo_small":"https://i.imgur.com/3UAP5w1.jpg", 
      "is_active": 1,
      "address": "1888d6a4-166c-47b3-b519-d78a5ca7b25d",
      "created_at": "2018-09-04T13:20:30+01:00",
      "updated_at": "2018-09-04T13:20:30+01:00"
   }
},
{
   "model": "registry.pilot",
   "pk": "50eb32e9-06d9-465c-b7d6-3d14c976a21b",
   "fields": {
      "operator": "7a2712a3-3ece-4300-b2f1-a30809a9202b",
      "person": "ef70efd5-9017-47e8-9a32-022a26ce01e5",
      "photo_small":"https://i.imgur.com/p9wrHKC.png",
      "photo":"https://i.imgur.com/rXAvQ9l.jpg",
      "identification_photo":"https://i.imgur.com/tcZv9RY.jpg",
      "identification_photo_small":"https://i.imgur.com/DDQOKMT.jpg", 
      "is_active": 1,
      "address": "459a6e00-a45b-44aa-b698-1a902eb8adbd",
      "created_at": "2018-09-04T13:20:30+01:00",
      "updated_at": "2018-09-04T13:20:30+01:00"
   }
},
{
   "model": "registry.pilot",
   "pk": "7a9439f5-521c-47c1-8ab3-f9e8d43b6e20",
   "fields": {
      "operator": "dad21be7-8910-4fc0-af7b-91e56b7a7791",
      "person": "d2a3d76e-96ac-4a3f-8950-f8f8c1c7518f",
      "photo_small":"https://i.imgur.com/2gFxJAp.jpg",
      "photo":"https://i.imgur.com/ADqDoMD.jpg",
      "identification_photo":"https://i.imgur.com/xrJkdXp.jpg",
      "identification_photo_small":"https://i.imgur.com/4phgvns.jpg", 
      "is_active": 1,
      "address": "411ce87d-2e2d-48c0-86b2-c48d5bac4b6d",
      "created_at": "2018-09-04T13:20:30+01:00",
      "updated_at": "2018-09-04T13:20:30+01:00"
   }
}
]  